{"count":1,"self":62.769011199999994,"total":63.953469999999996,"children":{"InitializeActuators":{"count":1,"self":0.001036,"total":0.001036,"children":null},"InitializeSensors":{"count":1,"self":0.001121,"total":0.001121,"children":null},"AgentSendState":{"count":3809,"self":0.007903,"total":0.039515999999999996,"children":{"CollectObservations":{"count":763,"self":0.0051589999999999995,"total":0.0051589999999999995,"children":null},"WriteActionMask":{"count":763,"self":0.000719,"total":0.000719,"children":null},"RequestDecision":{"count":763,"self":0.008027,"total":0.025734999999999997,"children":{"AgentInfo.ToProto":{"count":763,"self":0.003052,"total":0.017707999999999998,"children":{"GenerateSensorData":{"count":763,"self":0.014655999999999999,"total":0.014655999999999999,"children":null}}}}}}},"DecideAction":{"count":3809,"self":1.1175359999999999,"total":1.1175359999999999,"children":null},"AgentAct":{"count":3809,"self":0.024548999999999998,"total":0.024548999999999998,"children":null}},"gauges":{},"metadata":{"timer_format_version":"0.1.0","start_time_seconds":"1645775452","unity_version":"2020.3.16f1","command_line_arguments":"\/home\/mingrui\/Unity\/Hub\/Editor\/2020.3.16f1\/Editor\/Unity -projectpath \/home\/mingrui\/Mingrui\/Research\/DLO\/project_journal_21\/shape_control_DLO_2_private\/simulator_unity -useHub -hubIPC -cloudEnvironment production -hubSessionId 1954bb00-960c-11ec-8cdc-cd0732b46bf3 -accessToken E-hMmNCtq2yFDm2zTWGVdwdwm9BOp36LnANBzxJZfo400bf","communication_protocol_version":"1.5.0","com.unity.ml-agents_version":"2.1.0-exp.1","scene_name":"rod_10_2D","end_time_seconds":"1645775516"}}