{"count":1,"self":97.352339199999989,"total":99.539639,"children":{"InitializeActuators":{"count":1,"self":0.00094299999999999994,"total":0.00094299999999999994,"children":null},"InitializeSensors":{"count":1,"self":0.001196,"total":0.001196,"children":null},"AgentSendState":{"count":6611,"self":0.015822,"total":0.077666,"children":{"CollectObservations":{"count":1323,"self":0.011713999999999999,"total":0.011713999999999999,"children":null},"WriteActionMask":{"count":1323,"self":0.0011979999999999998,"total":0.0011979999999999998,"children":null},"RequestDecision":{"count":1323,"self":0.011,"total":0.048931999999999996,"children":{"AgentInfo.ToProto":{"count":1323,"self":0.005729,"total":0.037932,"children":{"GenerateSensorData":{"count":1323,"self":0.032202999999999996,"total":0.032202999999999996,"children":null}}}}}}},"DecideAction":{"count":6611,"self":2.061643,"total":2.061643,"children":null},"AgentAct":{"count":6611,"self":0.045148999999999995,"total":0.045148999999999995,"children":null}},"gauges":{},"metadata":{"timer_format_version":"0.1.0","start_time_seconds":"1642986538","unity_version":"2020.3.16f1","command_line_arguments":"\/home\/mingrui\/Unity\/Hub\/Editor\/2020.3.16f1\/Editor\/Unity -projectpath \/home\/mingrui\/Mingrui\/Research\/DLO\/project_journal_21\/shape_control_DLO_2_private\/simulator_unity -useHub -hubIPC -cloudEnvironment production -hubSessionId c2309a90-7a6a-11ec-be5e-312e245b755e -accessToken wwsH6DQgj53G8zrE-Q7Gnz0PKL-Uwv9PcDMB-G8U3G800bf","communication_protocol_version":"1.5.0","com.unity.ml-agents_version":"2.1.0-exp.1","scene_name":"rod_0_3D_data_collection","end_time_seconds":"1642986637"}}