{"count":1,"self":57.0415552,"total":58.214659999999995,"children":{"InitializeActuators":{"count":1,"self":0.0011049999999999999,"total":0.0011049999999999999,"children":null},"InitializeSensors":{"count":1,"self":0.0011799999999999998,"total":0.0011799999999999998,"children":null},"AgentSendState":{"count":3809,"self":0.00806,"total":0.040577999999999996,"children":{"CollectObservations":{"count":763,"self":0.005216,"total":0.005216,"children":null},"WriteActionMask":{"count":763,"self":0.000808,"total":0.000808,"children":null},"RequestDecision":{"count":763,"self":0.008265999999999999,"total":0.026494,"children":{"AgentInfo.ToProto":{"count":763,"self":0.0033049999999999998,"total":0.018227999999999998,"children":{"GenerateSensorData":{"count":763,"self":0.014922999999999999,"total":0.014922999999999999,"children":null}}}}}}},"DecideAction":{"count":3809,"self":1.104704,"total":1.104704,"children":null},"AgentAct":{"count":3809,"self":0.024857999999999998,"total":0.024857999999999998,"children":null}},"gauges":{},"metadata":{"timer_format_version":"0.1.0","start_time_seconds":"1645776327","unity_version":"2020.3.16f1","command_line_arguments":"\/home\/mingrui\/Unity\/Hub\/Editor\/2020.3.16f1\/Editor\/Unity -projectpath \/home\/mingrui\/Mingrui\/Research\/DLO\/project_journal_21\/shape_control_DLO_2_private\/simulator_unity -useHub -hubIPC -cloudEnvironment production -hubSessionId 1954bb00-960c-11ec-8cdc-cd0732b46bf3 -accessToken E-hMmNCtq2yFDm2zTWGVdwdwm9BOp36LnANBzxJZfo400bf","communication_protocol_version":"1.5.0","com.unity.ml-agents_version":"2.1.0-exp.1","scene_name":"rod_7_2D","end_time_seconds":"1645776385"}}