{"count":1,"self":57.5511744,"total":58.737624999999994,"children":{"InitializeActuators":{"count":1,"self":0.001121,"total":0.001121,"children":null},"InitializeSensors":{"count":1,"self":0.0012079999999999999,"total":0.0012079999999999999,"children":null},"AgentSendState":{"count":3809,"self":0.0082469999999999991,"total":0.04238,"children":{"CollectObservations":{"count":763,"self":0.005927,"total":0.005927,"children":null},"WriteActionMask":{"count":763,"self":0.00075499999999999992,"total":0.00075499999999999992,"children":null},"RequestDecision":{"count":763,"self":0.0085589999999999989,"total":0.027451,"children":{"AgentInfo.ToProto":{"count":763,"self":0.003374,"total":0.018892,"children":{"GenerateSensorData":{"count":763,"self":0.015517999999999999,"total":0.015517999999999999,"children":null}}}}}}},"DecideAction":{"count":3809,"self":1.1135059999999999,"total":1.1135059999999999,"children":null},"AgentAct":{"count":3809,"self":0.027552999999999998,"total":0.027552999999999998,"children":null}},"gauges":{},"metadata":{"timer_format_version":"0.1.0","start_time_seconds":"1645777509","unity_version":"2020.3.16f1","command_line_arguments":"\/home\/mingrui\/Unity\/Hub\/Editor\/2020.3.16f1\/Editor\/Unity -projectpath \/home\/mingrui\/Mingrui\/Research\/DLO\/project_journal_21\/shape_control_DLO_2_private\/simulator_unity -useHub -hubIPC -cloudEnvironment production -hubSessionId 1954bb00-960c-11ec-8cdc-cd0732b46bf3 -accessToken E-hMmNCtq2yFDm2zTWGVdwdwm9BOp36LnANBzxJZfo400bf","communication_protocol_version":"1.5.0","com.unity.ml-agents_version":"2.1.0-exp.1","scene_name":"rod_4_3D","end_time_seconds":"1645777567"}}